,Cycle,C3,C4,C5,C7,C8,C9,D3,D4,D5,D7,D8,D9,E3,E4,E5,E7,E8,E9,F3,F4,F5,F7,F8,F9
,1,2495.9941132837,2538.74482141421,2464.28983302087,2601.49357268481,2520.16752323163,2497.71506797518,2528.81220467815,2544.4382864019,2520.42393599354,2565.94408952779,2520.70664595305,2525.11241348332,2544.06714951964,2496.66072949756,2564.1491801638,2631.28509344051,2519.07448546326,2491.27684178804,2556.0135104363,2534.64366052486,2565.55461165437,2625.5265621209,2559.91217946785,2548.58188180406
,2,2488.9185310498,2542.43936604161,2464.2596970882,2601.18552051606,2517.7298697267,2502.34970551023,2535.25467970634,2546.44320851469,2528.63436935296,2569.23365399569,2532.83417334471,2536.70918135986,2549.35223826722,2508.5673180887,2567.22583214096,2631.47854651578,2532.11334255214,2499.23891698904,2562.04944836027,2534.59646483753,2568.22194360044,2630.67758590397,2562.24680438727,2557.24538850037
,3,2488.56085342586,2541.81376649939,2461.62481088367,2601.62029128245,2518.84955048712,2504.90104410966,2534.5374742044,2552.76674112401,2537.28369778589,2575.24139614221,2533.79163077527,2542.35702744883,2551.29074012178,2511.53083883208,2564.62284586908,2638.8986684189,2535.24379902486,2497.26996941124,2568.65961187843,2531.20577407589,2571.96127353846,2629.85740286772,2563.69277557156,2561.63469565947
,4,2485.13755533698,2538.35428506816,2460.49176405076,2602.52128336034,2517.46714192874,2501.95666981203,2536.0613084892,2551.88884445622,2538.31721257716,2572.24899175565,2535.74106310505,2548.45789915695,2557.37493992896,2511.78920618943,2563.60070004326,2635.65917496413,2535.20398280214,2498.12620434132,2566.35127099155,2540.38331045239,2570.6446530555,2630.47111393775,2561.5951782459,2557.81017422139
,5,2488.5869751746,2542.78172912086,2463.68294077156,2607.48679058364,2515.37157324995,2501.90896317054,2530.79774407183,2550.87668983085,2548.62971332804,2572.9601267792,2534.93245471803,2552.53503971735,2549.34854609947,2506.22151617103,2565.17398471188,2640.90275807002,2540.92857296869,2499.46391035554,2565.32292740572,2540.08645697009,2571.67112194746,2631.77265036597,2560.51462925649,2560.35556777742
,6,2475.62160934514,2541.99449477581,2462.93862877494,2601.90765961329,2517.70204228806,2500.0362544005,2534.06753688367,2559.11222148973,2551.33258591274,2574.11972987343,2534.28120825606,2559.28769965839,2551.25421953631,2506.56534714549,2571.78945441174,2636.02699602366,2539.25990438427,2498.22607429785,2563.29307231349,2535.09177746148,2570.49392904269,2633.43613078166,2564.0710950675,2560.9244753669
,7,2478.22303271272,2543.04757109665,2459.50092639303,2603.91845902542,2519.8302005009,2499.9058023336,2541.09146637469,2559.42989412658,2553.9083564763,2570.64261081319,2534.91842068655,2555.49567205864,2555.75216902121,2509.63519492503,2568.51960556424,2640.09175728332,2537.27677275761,2500.35076978845,2567.88422295204,2542.05440719247,2571.66239430472,2632.39054288919,2564.7217810235,2561.64333561625
,8,2471.64843529449,2543.33629061278,2462.37396323221,2606.19155705791,2523.12957760041,2502.27139734956,2540.7968178681,2554.53288205929,2556.5214967495,2573.87793806691,2537.89021562068,2563.67197275458,2551.75364349182,2512.13786835552,2569.80486117962,2640.55246091402,2542.1003798153,2500.01539805947,2567.82086926097,2534.69626688597,2575.0390954006,2635.72628343496,2562.88864329681,2561.487417422
,9,2467.83397429333,2540.0873899739,2465.16910876003,2605.58842920238,2520.94342252543,2503.99788834243,2538.49504316543,2555.27307514126,2554.03617192024,2572.54946166283,2537.19089929458,2562.74007033403,2558.984755853,2514.19142146031,2564.0992418622,2637.52520947802,2540.73984007194,2504.30648620758,2566.8361957874,2532.29211190367,2571.16079779128,2630.50928781635,2567.04685908915,2559.87634891926
,10,2471.90097513296,2539.9914851006,2463.54153420024,2607.48200771089,2519.95213519547,2503.53961272116,2540.95648496312,2553.74259440433,2559.18475554619,2573.592715697,2533.36698697356,2562.62692690979,2551.19928336584,2516.11442915628,2571.57260787392,2639.86824490653,2541.84612834703,2504.28422992767,2572.52149437019,2533.10231291235,2571.24835732908,2630.8644802546,2562.56870994104,2564.24099548118
,11,2475.3078945091,2540.65477511578,2462.44338031393,2605.49642162438,2518.67615913454,2500.3567885409,2535.8266460043,2557.29385377688,2556.86621175948,2571.33129778113,2537.35738045085,2566.96940866176,2556.69281440144,2514.45558838816,2570.77439016369,2641.16894446786,2541.53423079911,2504.88936363013,2563.58828862225,2537.21581662408,2570.74496345922,2632.90060608013,2562.47644609753,2561.39535203233
,12,2484.33773833157,2540.28572714497,2459.6900563958,2604.67096852122,2516.811014356,2501.56809733695,2533.98219362897,2560.07003421987,2558.83120297023,2570.51246931829,2534.55897742648,2566.30194527647,2552.60716749674,2508.55226559893,2569.18523490388,2639.93161876958,2536.20640326105,2500.03901904144,2567.11444335362,2540.47381365666,2570.7221465529,2633.18800060267,2566.50395040892,2559.20194620007
,13,2490.06452165674,2544.87069608226,2462.60263982368,2602.36320788663,2520.71867102795,2499.00013962598,2534.72179775264,2556.56650585439,2558.57252443682,2570.25773456959,2536.51396966397,2561.93666715471,2555.10074145606,2510.16718257702,2566.30720153727,2638.31848807178,2536.65550272957,2501.01311573673,2561.94019030653,2536.13253332401,2568.97516143399,2630.42600273673,2561.73574309089,2561.05072703751
,14,2493.70710556128,2539.42927908254,2464.37679232957,2602.87177997689,2521.39163147634,2501.38306855548,2533.13711334383,2558.34630621077,2553.9812938744,2567.21037247961,2533.84600550322,2565.31009384533,2551.70137405273,2507.69856380717,2570.47627269219,2640.29104768512,2541.88080257949,2502.59626574824,2564.1394825981,2537.58823669922,2565.07801824695,2629.56508777989,2565.97079417342,2560.37614946822
,15,2489.51393979404,2540.73125508327,2464.16457940781,2603.76712093451,2520.84122482525,2501.91507276922,2530.57469335182,2558.02046572927,2553.62027911359,2572.12290196686,2533.64687813886,2565.05818268571,2554.78349864012,2508.73413312429,2570.47210969546,2641.9961069985,2538.81440781545,2504.11748743622,2571.16549534427,2533.45392925927,2568.68958497629,2633.43302605556,2564.58112287498,2559.40030007402
,16,2495.98388673519,2546.70101639246,2459.8753384357,2603.66338170711,2519.78875697228,2500.00132113073,2536.58573487179,2554.54300018148,2559.25679118561,2569.49097246746,2537.98983332732,2563.83168271274,2548.49322502681,2509.37780089773,2570.49528486419,2643.10334040106,2539.52775276968,2505.751671639,2566.65268235308,2542.01149571217,2572.84076723503,2636.71159167456,2569.31541670527,2559.2037096289
,17,2495.68458524902,2542.79375507964,2465.41551132755,2605.29321724368,2519.90868775562,2499.83242242454,2531.77199563892,2560.01929877364,2555.06771963802,2570.09100913015,2538.78673572733,2566.00345448816,2553.58958740778,2515.49466238176,2566.75497444981,2637.41110823692,2536.15330273153,2502.20228065237,2566.69097489544,2535.89100958065,2571.87079947629,2630.52631244143,2563.74632262614,2562.58072500723
,18,2496.55928102827,2541.76971673645,2462.1406394801,2604.13022276905,2521.77099981367,2503.27665715014,2537.58813866974,2553.68793608987,2554.60826929462,2567.11647284801,2539.6736884053,2563.69540328084,2554.38822821215,2517.98779775549,2565.03539764011,2640.3130870673,2538.48136865306,2507.04895817368,2568.82158278166,2535.70771061577,2574.83169378105,2630.95444968615,2568.81242860096,2564.52830292542
,19,2492.86769772914,2545.00857472205,2464.46360271848,2599.12695436019,2520.61301735333,2502.2830510465,2535.87098108379,2553.27394351491,2556.50853371992,2574.47152150238,2538.16841496869,2567.26267343125,2550.35965841541,2514.81204143175,2568.88017650835,2643.46632312986,2537.53543209134,2507.14225969379,2563.0942954115,2541.3480068278,2577.02602785695,2635.98701375717,2565.90065502421,2558.91298685442
,20,2495.25954791854,2539.46244646909,2461.50518466957,2602.80269787521,2518.91734034524,2504.99856520458,2531.01268728203,2561.43764601942,2559.33819860695,2570.79501929959,2541.99001405071,2567.47198362581,2554.69572695474,2509.86724037303,2571.9728365639,2637.87928776893,2539.96252492383,2502.68753261086,2569.24236834381,2540.69844377055,2570.08733223217,2633.3253481586,2564.50171702622,2559.26717137388
,21,2495.44295856358,2542.04453869233,2463.97465690216,2602.71378574367,2521.87133652708,2499.18897577932,2541.38006891016,2554.25659424702,2557.88370589878,2565.70382414827,2539.52612360023,2563.72893895826,2554.28959233629,2512.49362995367,2567.99763221229,2642.3545886534,2537.80836167213,2504.03806921447,2563.81875829475,2543.06279842932,2572.01268439351,2631.46093437445,2563.03837006479,2560.68655135165
,22,2495.12061014243,2540.19099120586,2461.6143056596,2600.55227485424,2523.34080050186,2503.13644035906,2536.43408061534,2555.82149676266,2562.61040306066,2570.60778570495,2537.98409871515,2564.94492723044,2556.91037833593,2512.63359648872,2576.32026562206,2643.06827621485,2536.88566302443,2503.441893014,2566.78244159093,2536.00311700406,2572.05948562819,2634.27258928679,2564.73290983439,2562.32002828607
,23,2497.38921948119,2541.35877448647,2462.21997820207,2601.57033071859,2522.7234421433,2498.44356786148,2538.16204400383,2557.37165825332,2556.08555270225,2570.23297283866,2537.90366316928,2562.62454380066,2557.99018683229,2513.45601530594,2574.91231103247,2638.56670915226,2539.71829473429,2505.93499138456,2564.86977709893,2536.30780339347,2569.29958026554,2633.65644722567,2561.42930841896,2558.26737304854
,24,2493.12328954131,2543.09003986212,2460.25025867005,2602.08956832523,2515.7930842055,2500.57834807369,2534.09589613393,2553.55127887504,2554.16798739013,2568.69430413089,2533.2715997403,2563.04083251397,2548.86067189056,2510.44846363287,2569.12476118454,2640.61921348374,2536.43013345554,2502.63068663779,2559.42204493102,2538.63502482866,2573.72934734532,2630.3189440852,2562.62219424892,2561.93022633967
,25,2494.24160523803,2542.358718058,2459.12238733599,2599.26232605938,2515.55142430541,2502.77769158601,2533.48955148192,2555.79149527285,2552.68126169437,2567.48277405729,2536.72419368119,2565.90745001499,2551.18533498899,2511.64979513444,2571.37366361105,2639.41834072912,2538.02138318564,2504.9316318439,2567.75141418514,2538.56749865946,2576.25420943194,2630.58583327376,2561.61131696581,2560.38578004462
,26,2495.42085245677,2540.56836148146,2462.86619438531,2598.53156370485,2520.77066697821,2502.13139906512,2534.25607087544,2554.40625424435,2555.55937156927,2567.22188966334,2537.71924787676,2566.89089510988,2553.94230297055,2506.86569922331,2570.92838886175,2643.559391871,2538.75980522285,2505.13995798201,2564.74355631706,2532.32609408414,2572.22903543644,2633.95885229901,2562.31704173322,2560.05785092302
,27,2497.72881485272,2543.75366712433,2461.14885668986,2601.57543488271,2520.79436121503,2500.49140694003,2536.98007007461,2557.29730999079,2557.81257390148,2566.81396787206,2538.29896317739,2556.65306126435,2552.28252100021,2511.52897797765,2564.38616190744,2635.95785348941,2540.85277022856,2506.67008922648,2570.35894077686,2530.29806032521,2570.03549407224,2631.85943081066,2563.22925685281,2559.34902345381
,28,2497.89864913075,2543.69338610783,2463.39106551772,2595.14599788697,2521.37520237783,2503.35586910416,2536.63949588219,2554.5375585988,2555.93113070614,2565.93266591783,2540.56784248908,2563.10037930198,2547.14877135006,2512.73079397861,2569.57342156672,2638.1224710305,2539.59927884888,2504.8550707064,2567.39595542145,2536.85912428867,2572.02827531307,2637.95992528735,2565.3844744905,2557.97838346022
,29,2494.8474527743,2542.44824391106,2461.60764103377,2599.28320896119,2516.81986036578,2500.72125583135,2530.8876100994,2556.10146925034,2559.88790563634,2567.36608048553,2538.2617765278,2562.17284164504,2546.31265577342,2505.46076189814,2567.43731564899,2634.16922952273,2538.32147508168,2504.21293689366,2563.7158827153,2538.31134328367,2564.22659650767,2629.78024028649,2564.57172594191,2557.10298787269
,30,2497.11160124508,2543.24496651624,2462.14623850018,2596.69168633137,2517.52176242092,2505.20227111822,2532.96950717182,2558.74475171028,2557.88658979501,2568.50775632094,2539.34299340509,2561.98019646788,2551.66706125427,2511.5782403395,2567.55975407614,2638.18181254505,2540.72567628631,2503.04490022025,2567.92053569528,2537.28583814051,2571.75001502849,2630.35950815792,2562.42242085871,2555.526975759
,31,2491.2107112178,2539.45058718393,2457.80463035564,2601.28363253651,2515.01394997443,2502.45718367789,2534.41102097411,2553.40808272569,2557.64215364304,2572.49534267718,2539.23801318405,2565.8670076695,2548.87184008015,2508.30956003551,2567.23183375027,2639.06099119541,2539.68728564883,2500.33560630988,2568.82006028261,2533.46335561001,2574.58775314359,2629.58526806652,2563.6498815675,2560.14057702408
,32,2491.83749596847,2541.26192080245,2462.64693133983,2603.71904713898,2518.76218970989,2500.88769204432,2530.60607330476,2555.46631086272,2556.45342719463,2569.58660056762,2538.80628549213,2564.77216806915,2548.37254745259,2510.25394101249,2569.93399371062,2643.92104513531,2531.89076832372,2503.31237971427,2565.04729290983,2537.62323506591,2572.11304011622,2632.10981453326,2565.32714475729,2558.97654453269
,33,2492.0945357104,2540.86654580198,2461.67865360436,2604.91409960614,2521.32295190523,2499.40324486623,2534.78747100082,2556.97614690443,2555.46284486679,2566.84934280325,2539.71526306848,2562.34578569035,2548.65074169904,2508.93692433044,2569.58482021629,2637.58370750671,2537.9050551463,2502.74028742054,2564.78770478415,2536.87086701685,2569.88997576414,2625.44066444432,2562.21355833943,2561.51468627853
,34,2497.22093661721,2543.43745031778,2461.18494777429,2605.60771431711,2514.8734471174,2501.74390317418,2535.18785177343,2553.97646972826,2558.82777239183,2567.64446967461,2542.12216469972,2562.01346476433,2550.86729437626,2509.50097162727,2569.93221449966,2640.90090230609,2538.17733512906,2504.75415770203,2564.45462077271,2533.81362301851,2569.30556794236,2631.17372451654,2563.98866263918,2559.89910127134
,35,2495.89019899773,2538.88752024442,2462.54191559642,2603.16375709552,2518.14239466519,2503.77953329736,2533.53801421207,2547.64695291959,2558.58936347562,2567.29285938408,2536.9662664562,2566.31210167561,2553.68798949047,2511.51300362753,2570.46656563238,2638.14763748537,2537.69541605426,2503.81280958051,2563.99826294949,2537.33991049157,2568.87692493661,2630.76814500225,2563.02800753088,2555.24918340205
,36,2493.2935323322,2540.9630185741,2463.84905403594,2605.14951370378,2516.56757906907,2501.98211663958,2529.92665233813,2554.83822397934,2558.03615760201,2566.66013499047,2537.1142772635,2563.84897181685,2549.34035211709,2506.93427810581,2561.14359876668,2637.53088648217,2538.77369729585,2503.08951187939,2561.43354853399,2535.75843625167,2571.75284368252,2627.68094257751,2565.50298759356,2560.07012478724
,37,2491.05598988732,2545.84444105014,2462.4625291474,2599.52737031942,2519.07060029166,2501.83947562166,2535.70283161747,2552.79559837836,2553.98192924304,2567.02361303201,2536.12373361837,2564.57873004535,2553.05534891795,2515.91483746215,2570.69059502101,2643.37237521477,2538.41362700572,2502.99636165985,2565.41099558587,2539.50040920363,2572.23198930782,2629.5576710671,2565.29903070612,2557.21255205812
,38,2493.36222237359,2541.97184070137,2464.83065551595,2594.39991171804,2519.79954971448,2501.53236675505,2528.47188373491,2556.99647783036,2551.37921155997,2566.89483377024,2536.53748147269,2565.18989413032,2551.48883699846,2510.44931286818,2567.925242276,2635.34504042305,2537.22534060594,2500.77471096423,2565.21260051287,2535.64150006235,2572.9526292698,2630.35455822746,2565.51006691037,2559.22708841037
,39,2494.50230972916,2540.89366796116,2464.31354292076,2600.52325957454,2514.0668990951,2500.3529324981,2529.86746261655,2557.26565724849,2561.38260017455,2569.62834153939,2539.3942573331,2564.78649758117,2552.85498047598,2512.99546013903,2570.90906534166,2637.41832192113,2538.69923336864,2503.04509843074,2562.79765072624,2532.37004978677,2572.31911094107,2632.02142150196,2563.49061036041,2558.14953408038
,40,2491.59286800104,2542.32158502608,2465.17368788898,2599.29396490911,2518.75949968543,2501.5240910964,2535.7134119137,2556.26537743404,2553.27666539747,2566.20958409618,2538.05778855551,2562.51056745426,2546.39964066665,2508.87463572915,2573.63789385356,2643.46485770145,2536.98223280894,2502.56936064196,2566.71310202249,2542.33142000319,2567.7112153976,2630.85147776192,2561.658217292,2557.98043535571
,41,2490.84984753393,2541.10277097259,2464.60324526706,2597.43732608307,2516.3850355988,2501.91442004191,2532.02284913855,2554.64056314223,2555.56002484653,2568.00373312922,2534.52667379816,2560.04770513168,2551.95153680771,2515.14596127267,2573.3243249052,2639.22321218841,2539.31120895749,2503.51209259154,2566.68349586817,2537.1109061134,2568.40407940962,2631.49483263426,2563.06685874311,2560.57368114134
,42,2489.93790907041,2541.04484097896,2459.69255688108,2599.22338677909,2516.10375046031,2504.68546844211,2530.73006145249,2557.67477748712,2557.47056813894,2567.42990646932,2538.16394456666,2564.80559321673,2549.05960147223,2510.81903402003,2570.83089925842,2634.42714589865,2535.84463342115,2502.24598730291,2562.59786198119,2538.8811371032,2573.60851889893,2631.43504510925,2563.62600198449,2558.12352173708
,43,2497.77738816108,2539.28961202287,2462.02574460004,2597.22529476606,2517.68268950724,2502.88858415981,2533.88817588103,2553.86466161346,2554.42401072056,2562.2231260852,2538.73913000375,2563.98451763559,2553.6495610998,2512.15828079338,2569.4108734086,2639.00100226772,2539.02056780759,2504.01831751204,2566.28411285131,2539.66941493137,2571.65629777282,2631.94951959451,2564.4237052174,2555.38792634226
,44,2489.79486966505,2537.97383714619,2460.93576440825,2598.09100810309,2518.3752164532,2503.99241444681,2530.5109602686,2555.40252953365,2558.49369121906,2569.97263977763,2537.06983015643,2563.28405122794,2550.84708720963,2510.97667306403,2571.67157657094,2640.96715283286,2539.74650836217,2504.09203284796,2561.33519789399,2530.28961460194,2572.12158532028,2632.53667896672,2568.24149736476,2555.65774833463
,45,2493.95904462703,2541.95379769203,2461.61983174435,2596.0442314719,2517.96212744754,2501.31822441027,2531.64608878659,2554.34046549005,2553.29568411974,2564.34774796893,2536.70897645745,2563.32036743358,2552.55098678126,2509.66962474063,2572.88221813021,2639.95517626727,2540.26374040691,2505.80273501611,2565.58414061829,2532.70547059642,2572.36410140812,2626.86572606607,2564.09097030308,2555.0169280659
,46,2493.55452803096,2539.74139942012,2460.54083031418,2596.11862681621,2515.75314572258,2500.7774867477,2534.72073974959,2548.71122641907,2558.13705339826,2564.94638256433,2535.52115579994,2562.8036611319,2551.6041881055,2510.65020698905,2569.41721487027,2640.9184459705,2540.28645740697,2500.98786295369,2563.6481400758,2536.37139288169,2568.27485035162,2629.81527932519,2562.52172219092,2555.59211393492
,47,2487.63541511926,2538.44545274248,2455.17361321166,2597.14776235056,2519.64267418129,2501.55367597737,2524.35271497695,2553.97885479351,2550.93497430366,2566.70128773937,2534.39207133651,2563.98332172398,2551.37284172407,2509.90490998454,2566.90728570906,2636.87521577444,2538.2926938772,2501.8965817807,2562.87738314486,2533.79033289368,2571.68306468632,2628.38457347789,2564.46633156412,2555.93689966329
,48,2487.85481704045,2541.36456221452,2460.1436519054,2596.67846155535,2513.99180539743,2505.65671733726,2534.24980807167,2558.86788571897,2553.99430397737,2564.16005747508,2540.90061750869,2563.18917250119,2549.62501324464,2507.83331872555,2564.42042108342,2643.0524569284,2539.72455120768,2497.99821027642,2571.02306004985,2537.60630606465,2575.79152771817,2626.88164781563,2561.86082625189,2556.53696245372
,49,2492.96001680475,2541.95838962296,2460.23426312685,2600.38055768054,2516.00538741279,2502.8274533864,2531.49586003356,2556.08399479077,2555.39376313574,2566.58796853842,2535.99040481268,2561.3051269583,2546.84101987176,2511.90188185947,2567.04970550693,2638.96428838248,2538.54289528844,2499.83550972786,2562.70170198659,2537.90370626139,2568.02590245726,2631.02369499815,2565.37446356587,2558.88769709557
,50,2493.79111533848,2539.20098370456,2461.56271840398,2596.29024260018,2518.46470719507,2500.29936167067,2532.35355503403,2553.30709849849,2554.73612602575,2566.53177131933,2538.80776400929,2562.23817948863,2551.36105387439,2508.56570065584,2566.61919221716,2638.35285140993,2538.54613789402,2501.09923670283,2559.64704535892,2537.8762269876,2570.66585120071,2628.54952583008,2566.11278109972,2558.49991201374
,51,2490.33578477031,2540.96008961335,2458.73697260823,2598.37850344726,2518.27749944077,2500.80475381451,2531.78537506692,2556.3848819384,2554.20264321548,2567.23835794996,2536.45390411412,2559.01578920739,2554.26328187373,2515.38891664894,2568.93110625336,2638.14496680066,2537.81437259258,2501.32261517814,2566.27227101714,2533.2257422605,2570.04423338049,2625.92327125826,2567.20547712479,2559.57648209374
,52,2494.65257129466,2541.25996371816,2460.97140293348,2599.96908715581,2518.5150241069,2500.22558094895,2531.64504052617,2560.32118101815,2554.58459662102,2568.68549677712,2537.12075752648,2558.1006057574,2549.38178226945,2513.31259326068,2569.71409239943,2638.10425970347,2539.01824173537,2502.22727991753,2566.5691838136,2532.97338991165,2572.31547784434,2633.46401110445,2564.97972248093,2560.15340401594
,53,2492.25392974518,2541.61284278596,2459.13114798409,2596.78694493771,2516.53865259943,2500.23368321386,2533.23178555709,2556.96549565689,2557.01140415592,2567.61038418974,2536.03433285806,2565.79174234577,2555.46504178123,2509.81844025497,2567.89501245085,2640.96968580159,2537.07109663177,2502.93021831799,2570.24807624994,2538.01919865519,2569.6508933424,2629.85061152745,2564.90571194413,2560.8657259805
,54,2492.19104889828,2538.92635684246,2458.57486898392,2597.720366433,2517.61368361572,2499.55577893444,2526.92944611108,2561.65192956614,2551.04626894362,2564.16163956029,2536.29306569831,2562.72042270264,2553.55656613288,2506.26060285501,2572.85238947909,2637.52473278392,2538.67813362813,2503.56222548333,2565.21306559412,2534.0350719898,2570.46420723609,2629.59985699099,2562.74685164792,2557.89892338164
,55,2488.00864180512,2537.70104605691,2459.84245209793,2595.86468654964,2518.70511868126,2498.81652461232,2533.52024761637,2559.05881489872,2551.5043966175,2563.72420257125,2537.15375301641,2564.65244731654,2549.03999101186,2506.48839699525,2567.15326599613,2639.53758213428,2539.54391522188,2505.42423378461,2560.32488610803,2539.19345256824,2568.72600460174,2629.52256845133,2566.16400469863,2554.51605040235
,56,2493.13760432331,2543.69795462462,2460.64158927457,2597.04398328778,2516.93013048278,2501.79246914518,2532.89996837292,2556.18559184283,2557.65199717907,2566.21231410411,2539.17597480569,2563.3963720339,2552.11658907887,2510.40956711128,2564.44287802522,2637.57974380555,2534.60264827762,2503.0566893344,2558.68648767608,2533.84712699582,2560.73083367877,2625.33554542342,2564.21666575666,2556.1928261316
,57,2493.51964259482,2539.50395785322,2458.86595362536,2596.06281166163,2517.73660968258,2503.16481561085,2533.19374894759,2556.76265059582,2553.95047464339,2565.43299854729,2542.11130013115,2563.77877818943,2551.17582529074,2510.84752881349,2571.83918454054,2639.78145846527,2535.33463839934,2503.35716613535,2565.45185286554,2537.66909676865,2569.00430713086,2628.04540545771,2564.01761095254,2555.03202869738
,58,2488.94024739871,2540.77871773101,2459.61162802943,2594.43982803368,2516.8388002418,2501.16630159638,2526.31535584231,2558.44326497025,2552.84898981255,2565.13552770357,2539.34775543375,2567.29866765006,2550.64996963282,2507.12628896876,2567.67884654271,2641.04644651203,2537.34946154377,2502.90540020025,2561.57436895069,2533.38997795971,2565.09414587726,2629.61031181746,2565.49711923745,2558.2157615914
,59,2489.24655237577,2541.7947173756,2459.43814353407,2591.9723652841,2518.15972712719,2500.26719977831,2529.16000042823,2557.29257470727,2559.84334777399,2567.47983996742,2539.1071698598,2562.29287691549,2554.27165433591,2512.98039775905,2568.01437869057,2640.44408463809,2537.63129041112,2504.1606280356,2559.89426223132,2540.95596471657,2572.1812896224,2627.54306843812,2566.16203517497,2556.61420370599
,60,2490.95783092692,2537.71696330237,2460.78607899446,2598.47554807305,2515.89466267576,2502.19064180588,2532.29729722268,2558.66128007736,2556.55649449343,2562.33647692787,2540.98702769696,2561.42039453299,2552.49411001183,2510.27549940158,2571.07245437627,2639.09883780553,2536.11959652814,2498.44360008799,2564.67418067516,2530.76188413094,2566.21442387836,2629.05542634056,2564.21538071427,2556.17448371397
,61,2489.40549383457,2540.75972398446,2458.17973673661,2597.56220536751,2520.74624547358,2500.55899827557,2523.29102022187,2556.02292117597,2547.73172677549,2565.29073962605,2535.42841525229,2563.2327314018,2551.3986335488,2510.87037796816,2566.38598054227,2639.07705421589,2538.26031575894,2498.59180049965,2561.94414530051,2532.7883649511,2570.88867754521,2631.55004913326,2559.07990812629,2556.57349001429
,62,2486.11619125804,2543.31390831683,2459.79579434082,2597.50499423741,2517.26439929197,2503.15966821216,2532.50929990376,2560.58726482581,2555.77367661271,2568.83813242488,2540.55230528936,2563.13509551462,2547.7994546777,2508.63244112139,2571.79279671464,2646.56509314028,2539.51958776624,2503.48395284936,2566.46512787026,2536.37989703992,2573.30111525225,2635.38929680476,2564.73702459592,2561.11708608598
,63,2487.78837181521,2542.7096427502,2455.24022497464,2592.56291544479,2518.86183927926,2501.36395798565,2526.30772826636,2556.27734453145,2555.89586557426,2566.1652387285,2536.3125375424,2560.90806069124,2546.36650941004,2510.25577633235,2563.44941575703,2635.0637178674,2537.26467101126,2505.30408294472,2561.25311105308,2535.35932624681,2566.753589901,2627.51702361795,2561.27310836009,2558.65265870689
,64,2488.61168451795,2538.20632872235,2459.34773811422,2592.33828150828,2514.22443576518,2499.78556189643,2533.22003292302,2559.19219434634,2555.78480295596,2563.70707326115,2535.33976539316,2562.70671648699,2552.07910323454,2508.92818887522,2568.37624689362,2634.30482223366,2535.20162268886,2500.2806100457,2560.33706592958,2536.47036497772,2571.48095469924,2627.64955984434,2565.21542410923,2553.61063744651
,65,2483.54308043071,2539.23086302706,2459.26245088086,2596.87280089298,2515.92612307893,2498.31125734427,2533.04005050034,2555.39557798107,2549.36541890586,2562.94346917013,2538.67610136565,2563.15792863407,2546.26937027699,2511.37653606121,2571.31839950966,2639.28765176569,2539.18022164453,2502.51910100294,2560.60169606451,2535.68434424795,2570.88349265241,2633.53841436293,2564.70293304835,2559.94888554601
,66,2484.06326227769,2535.38332573977,2457.14915063431,2592.53576619298,2514.62764127644,2497.09265792545,2528.94892317814,2554.90394108183,2549.81660212154,2568.14703716446,2541.18942823969,2564.0444946936,2550.46316764347,2510.46008745362,2569.44526420398,2641.62362388967,2537.61490774176,2500.33769515024,2558.4009741753,2532.92609259239,2570.61670051215,2625.22542761865,2567.2465555058,2554.65942416434
,67,2484.58330164594,2540.44226981244,2461.35452352712,2597.01338861405,2514.09247813911,2500.03816223042,2528.94234336165,2559.14778521869,2552.04027841,2563.31826077799,2536.62974685077,2562.489173099,2552.64565268733,2510.79312828111,2566.93938569028,2643.57052121886,2537.31089750261,2505.41202181694,2560.43420396353,2532.99624803568,2571.30321007495,2628.24674546713,2565.28896440251,2554.23964169453
,68,2486.70219857132,2539.15753122987,2454.83856504388,2596.4317663623,2515.99248453544,2500.59764050716,2525.88207052926,2555.15565502195,2551.30978036983,2562.14984648506,2538.53291033449,2563.43947969836,2549.322848379,2508.45116198983,2570.11090808497,2641.03710184244,2533.49261131213,2501.56621159713,2563.34289142872,2532.9973296855,2569.50636082265,2630.00033391838,2562.74033742535,2556.91398208927
,69,2480.6874040534,2540.17816968208,2455.63875076711,2592.29209656313,2519.89985392607,2498.16158010392,2534.3102135736,2553.99835758,2549.44249578287,2563.34717863986,2537.78393301074,2563.58055704375,2548.72131952281,2506.88847599425,2570.07824072326,2638.15473920012,2539.90452857656,2502.02905060094,2559.89942648874,2537.95787373567,2568.19092570171,2628.48299025943,2565.58581408954,2556.18371227051
,70,2479.55685860502,2541.20555272622,2455.28941508076,2595.44245218432,2517.40109590329,2498.17897806175,2534.26961754677,2554.50796591051,2550.95052797436,2564.60196769185,2542.46661681654,2561.74865704299,2549.77544765376,2505.98705279102,2574.31742443108,2639.19408210297,2537.55768895037,2499.27106269954,2562.94063873901,2533.86359520804,2568.6471939749,2628.32111651908,2565.79249110019,2556.03094779323
,71,2481.47120012628,2537.98634675515,2456.7196439805,2593.03424994904,2521.51681087476,2500.97433432436,2528.51478374628,2554.21192874937,2554.19961961925,2564.14311685508,2536.06293519333,2562.85590826644,2544.34995027718,2506.03795870038,2566.45481163673,2636.86690923664,2534.97703741704,2502.81383754524,2565.16156891807,2538.94143358518,2570.16875459024,2627.32499258751,2562.4853866036,2554.76722798658
,72,2477.19709694536,2539.17151781373,2455.89868539318,2592.80741973697,2517.34982845123,2496.28961153457,2531.34112129247,2557.66672865648,2551.35414555265,2563.22206749742,2536.03478129307,2559.59073250726,2551.63477876289,2507.28630817056,2565.24754392004,2640.81663230959,2536.84946743465,2500.16718772554,2563.59717645628,2539.06689087582,2572.87781003047,2630.20911623211,2566.17877949339,2555.21142009437
,73,2477.30012055356,2542.08616796348,2461.12223316177,2597.06467433655,2517.41242238474,2498.99384896983,2532.31170922601,2555.97124402245,2553.45111616838,2567.45212867975,2540.19904384215,2559.5927629011,2547.87229906165,2509.08288818339,2565.96536617901,2638.41620785548,2538.35870318695,2502.31271485084,2565.0736290013,2532.3376765883,2570.20201315207,2631.45561735602,2559.90119659288,2553.47045119205
,74,2472.75674682345,2535.55162753449,2461.58853013866,2592.8203158729,2517.44621587699,2500.3879398501,2529.02104618526,2554.81549378921,2555.55731866059,2563.07130906852,2542.17441331278,2560.56055835298,2544.48849459243,2509.05020493035,2563.20325905625,2639.04643700077,2537.79389342172,2503.62415205937,2569.20720892076,2538.24317773554,2573.73628372041,2629.16425882428,2566.96725590647,2555.71578915422
,75,2468.26174816459,2541.46876643556,2453.92379925158,2595.52329395655,2517.56640191282,2495.31538575784,2524.92821612074,2557.79321384456,2553.3542605084,2559.40298269833,2539.93770309844,2564.00321135472,2545.38942485603,2507.32232493045,2566.63175350243,2640.63721562653,2534.98723944762,2502.41177642178,2562.78259373159,2531.64495742108,2569.29570500532,2629.16157954413,2564.09124168558,2556.40104618695
,76,2455.50890774785,2541.85767838613,2458.33875234295,2593.6768250272,2517.79784332419,2499.36356384455,2528.8585075217,2559.35280463555,2554.95954950543,2559.44130223112,2540.64691827811,2561.39006181396,2543.98935293246,2509.83993219042,2567.84304856329,2639.86433318628,2538.64828767423,2501.51484812261,2568.11343428324,2535.39050071635,2566.25141890476,2628.76146669158,2561.69791462398,2551.46874485952
,77,2444.36919325438,2540.41288860947,2457.25375326555,2592.96231206717,2515.45160838745,2499.82913991375,2531.86515073909,2555.57620726939,2554.6057695412,2563.51907360836,2545.17084769716,2561.84382883419,2548.93437841126,2506.11121849146,2568.49261266027,2640.29708683568,2536.62796857837,2500.05315433288,2564.69864548199,2537.2619351649,2568.98081538837,2631.60400100483,2566.70798765893,2551.88167941877
,78,2431.5178328335,2536.74926335466,2458.21871762439,2592.80810949131,2514.55529945715,2503.2993481688,2528.30792042953,2555.87956237045,2555.50663444964,2564.80576748101,2541.29837317199,2561.59843732573,2548.57919548625,2507.33968018067,2565.38897117786,2637.4690437615,2537.39389748171,2498.99828815778,2561.68963430945,2534.88258471361,2572.24005931592,2627.04334680465,2563.42649846531,2554.31071437658
,79,2421.90742341929,2541.37500566024,2457.36045534119,2595.50959774271,2514.0566084439,2501.44713304692,2530.98053359212,2557.62915647208,2552.28627069057,2562.40586732806,2535.45576994993,2563.13325239833,2552.14458983422,2511.70317913636,2566.91451162949,2640.10063196297,2536.28614925928,2500.99438243208,2558.27483810742,2540.28849309856,2566.67293040418,2625.51795925137,2561.87127502665,2553.23461088302
,80,2416.07320295557,2538.74843281777,2460.73801998375,2594.66423556026,2512.56161867664,2499.33455681528,2528.1684247469,2556.29121884944,2553.1354311469,2561.45075862795,2536.7716411432,2559.58327846301,2552.36476434657,2507.7432540169,2568.87483047383,2634.65624998007,2533.1063822876,2499.47639682482,2560.77358396096,2531.81431594069,2571.32990459913,2628.39139049745,2562.78769040787,2552.93178933594
,81,2416.89306992517,2542.07728100079,2458.11703130397,2598.89366391124,2515.288895099,2500.14956428575,2529.72743340279,2552.15197558803,2555.80691747501,2560.30509220295,2537.86109130762,2560.43469833149,2554.13221931461,2508.14230301815,2569.0462624304,2638.54026340258,2540.56204211092,2504.39059101975,2563.95708128391,2539.41861502914,2572.44267711586,2632.51559418852,2563.82666726818,2553.56434348913
,82,2429.15237601519,2538.19835208648,2458.24184211873,2597.82956650209,2516.887281156,2500.58908850228,2532.67464310878,2551.12120236373,2551.30951214074,2564.65595610469,2536.04607855518,2565.00893904905,2547.09914465722,2509.56504544389,2569.07817848723,2638.93848053688,2539.87425804592,2501.47926775083,2565.03851393847,2535.27903569677,2566.10017729408,2627.96058779721,2563.93961375153,2556.39826488935
,83,2457.76451362862,2541.0579906337,2455.23816804377,2594.60850973168,2517.54628823318,2499.0432877614,2528.05413025815,2555.07517407334,2553.08544963129,2562.9792147164,2544.24069779843,2564.52112139624,2547.80572864242,2505.39354973951,2567.05234181094,2637.0848643574,2537.3561280069,2498.87615860813,2562.85683671285,2528.55548318867,2569.4444636215,2626.40106675123,2567.13891242595,2549.81727640225
,84,2473.78455765175,2540.70687762625,2455.2196074874,2595.669551649,2516.68389102311,2498.12342115343,2528.55517234139,2558.82225867614,2553.62106494947,2561.68533046682,2541.58033662261,2561.47998748308,2550.56099780432,2504.90238784258,2568.13446529044,2638.98310817866,2531.23924365624,2498.73788909517,2564.72845594351,2530.71654082906,2567.76091261999,2628.36993054035,2564.69744279483,2552.18389341928
,85,2479.27978396504,2539.51450839354,2454.70820287855,2594.24279895508,2517.00145434952,2499.79453192754,2524.88758955177,2557.64945547755,2554.54864752213,2564.86722540891,2540.94888793797,2565.31781142265,2549.92636681832,2510.44150038159,2567.03659206337,2637.78517173561,2540.55337555255,2502.55601071808,2564.50256254901,2535.56372925778,2564.44823791695,2627.59406455906,2560.84284431557,2554.11001476615
,86,2481.45923258447,2539.21447411631,2460.19702778471,2597.98567432853,2516.38293223525,2499.49899446804,2523.74678300042,2556.72413200481,2549.77722233279,2564.51472776176,2536.37204771805,2562.20001219369,2547.37683321253,2504.71138998981,2567.8142208973,2638.47958517465,2536.69981706905,2501.74390065931,2562.07852958063,2531.4203663256,2568.78912963071,2627.42292186578,2560.75550128985,2556.15746335251
,87,2481.84811844128,2541.04304289339,2456.12577778384,2592.19519077754,2513.82238601021,2500.54929686672,2525.33075749318,2555.89380794929,2554.55717050594,2561.63538592653,2539.47137602985,2559.10399010239,2543.37723746779,2506.00223224298,2568.48044408587,2638.57430536829,2535.47958388171,2501.31404573307,2560.92633605633,2531.58200917103,2570.85873613851,2628.18406282227,2565.6253703037,2554.37380723676
,88,2481.56845071478,2535.41282243885,2460.28777269259,2592.87827019411,2512.35187726347,2499.24236235131,2525.81842199495,2554.94075245858,2550.57450873007,2563.61649586367,2537.85869154271,2563.87609725021,2542.5936683002,2506.06209381345,2570.64379501145,2641.43054769084,2533.01632234943,2501.6619333716,2561.77111808991,2532.3586083685,2563.71097100068,2627.62169287974,2560.9815529104,2554.79656408741
,89,2482.99089026201,2537.03023365766,2453.97759636092,2595.53836742453,2514.81247116195,2497.20462854967,2530.24863241101,2556.20203524603,2550.72615992223,2567.85797618973,2538.85439474619,2562.61804520693,2548.1518825106,2509.55085144341,2568.78739112193,2636.11315219078,2537.93247239499,2503.80849485506,2562.32477828969,2536.97757969291,2567.50157377526,2629.40651998382,2563.48667237838,2553.68972245037
,90,2483.96736111303,2540.17283079787,2457.06294422976,2593.1780476781,2516.43218929194,2499.13267829553,2528.17283211978,2556.5151766317,2552.33641573858,2563.34889175264,2538.08048536088,2564.89958289248,2545.97339254119,2507.14815639119,2565.10393059263,2640.08544305794,2538.98672918219,2503.16614778541,2562.94806116555,2531.17572190162,2567.52899802244,2626.31796896017,2564.05254226407,2556.1921289361
,91,2481.03045945488,2538.68703885821,2455.09807316627,2594.37651501926,2517.1316730681,2499.92226733494,2527.62573024626,2556.06907958166,2554.20961772142,2562.34442034597,2540.69073964409,2565.07112474153,2548.09006438738,2508.55115358672,2567.91633460504,2638.02453488248,2538.48320332877,2497.36468501466,2563.29491932889,2533.89629511863,2566.23767118568,2624.55953981946,2562.32294557754,2552.70026237286
,92,2481.99122235257,2542.23815782002,2454.85788419043,2592.26368440815,2517.02495091932,2501.67154331415,2529.31356330108,2559.12126748192,2556.05586069451,2564.13285689007,2542.79954478456,2562.72380261438,2545.55259278839,2505.17724071272,2570.97344619375,2637.64901527643,2537.03480209935,2501.14378728191,2564.10677669028,2540.67774664112,2566.60056208406,2627.83272359355,2566.03349842104,2553.8595170572
,93,2485.32748420762,2538.4831013463,2458.90852149957,2590.68703341781,2518.36334642293,2501.67587356021,2531.82292645339,2556.5995658302,2548.97712201612,2565.10204086441,2536.97856690752,2561.15822285709,2549.15356522531,2512.46339342046,2570.4346548654,2634.78419310375,2536.17828043647,2503.97913646188,2565.13964929963,2534.18554856972,2568.86952979116,2625.51002450446,2561.19400365036,2554.44777129448
,94,2484.16586530424,2535.66323617254,2454.93799782139,2595.10743300086,2515.73741061227,2496.45640830673,2531.71359249361,2557.22262146878,2552.87104183953,2563.40657140345,2539.3770970462,2560.56291630636,2544.57592497283,2504.78847395999,2566.69219398034,2643.21363905434,2535.8237333731,2502.57098637585,2557.64653253041,2536.45370067639,2573.39812447545,2626.07844316507,2564.37316182049,2553.47575342515
,95,2484.81975772918,2535.60405711343,2458.49129570513,2597.71900289655,2515.21755417416,2497.76522227598,2525.77978093622,2550.30800117574,2549.32539344194,2563.5031709631,2538.67219019255,2558.87964262687,2544.18533678946,2510.22879811833,2565.65769479238,2635.63871949699,2535.7807551728,2499.9265560034,2557.56351306867,2533.77346229044,2560.57186727678,2628.42492688492,2565.40115212015,2549.29150981377
,96,2481.70633874659,2538.29153775884,2458.28687782836,2594.37473155554,2515.78027410776,2499.57874514331,2525.99869085289,2554.70093225176,2554.0362600773,2560.64763856962,2540.53917662254,2559.8852665783,2546.14484051145,2507.95369849011,2571.81380085357,2633.47685424943,2541.8759331187,2500.90147264302,2561.20821612154,2535.50858352016,2568.51369380989,2624.82093002016,2567.30229134931,2553.38414291246
,97,2482.39044070959,2540.07973639738,2457.88724103499,2593.97720853501,2512.46519013057,2499.58429213427,2529.69185675206,2555.68789846014,2553.19348289411,2563.02320408419,2539.12053168825,2561.07949349898,2544.13765549026,2508.23125484344,2566.96314523009,2638.68478098124,2532.20708746433,2501.18886740213,2563.29556543807,2534.57166998592,2567.83308697125,2628.47161832539,2563.74469879937,2553.82338702393
,98,2483.07644421646,2538.00670711342,2452.42754934886,2595.55446046003,2515.13192919109,2498.161593155,2525.40214251447,2555.56302647424,2552.1415527829,2562.24027695487,2537.52078050077,2560.46933723231,2549.6564682558,2511.48644911807,2562.42281320839,2641.0456697021,2538.09468529052,2498.7879802134,2562.18047418305,2537.85201337223,2567.00272280844,2626.71330573515,2564.34511258987,2552.80480963475
,99,2483.74435242656,2537.13370207397,2454.91917711874,2590.43539464499,2514.80782299951,2499.22074177864,2527.37635138977,2557.04769463516,2550.02346788727,2560.32837738605,2539.07636421176,2558.92803075631,2548.65858680572,2504.35015661802,2566.76973010921,2636.60602718048,2537.46517655672,2501.15810107004,2560.09260120955,2528.90430958257,2568.77643527459,2625.29511014248,2564.39478228295,2552.82546847922
,100,2477.12011124174,2539.03246054996,2448.24717337277,2591.22477110005,2514.38094180706,2493.99318568823,2524.94096645445,2557.66889161427,2549.85997535237,2563.08955965132,2540.35603051111,2562.88629850436,2552.27483965564,2507.12444007328,2567.66551780582,2639.44580405025,2537.72012236896,2501.70647672828,2559.63700637432,2531.58759138737,2567.444454677,2625.22551703044,2560.23742499218,2551.35719856458
,101,2480.4154340302,2541.42473702959,2452.44167214613,2591.40329554009,2516.79891888004,2494.94653200336,2524.09734325609,2555.52217121184,2549.99014978875,2559.64620351233,2541.39830495254,2563.16917644069,2548.57691985694,2506.99545737883,2569.4155204311,2635.11000429259,2534.432564124,2497.75110447274,2560.74703928878,2537.74559623547,2561.20754312561,2631.99839419638,2562.71339699959,2551.34783893549
,102,2484.19964640932,2539.0318624491,2453.37215557217,2589.38689901742,2516.18345705676,2499.06370194399,2528.77297115232,2554.46185906538,2549.14748330795,2559.72674353449,2538.23353632463,2559.70389616272,2546.65924477521,2507.65355852965,2570.52485712496,2638.79348373505,2536.12637089636,2502.59484149219,2562.79680856487,2536.02981222898,2565.04394485822,2628.53318888465,2564.78140408132,2556.1504870747
,103,2487.19550213816,2539.49270150968,2455.45510830539,2592.91043992432,2514.81825662676,2498.0008198251,2533.42604710407,2557.34668059775,2552.22430394008,2558.86207710668,2541.0764486003,2560.41773233614,2546.87352125695,2507.86730441248,2568.97176890288,2638.37640125351,2539.71105670937,2502.51046358001,2558.05515524175,2535.81887838339,2571.54315225821,2626.33485207825,2561.80751852332,2548.10457771046
,104,2487.4583847875,2539.79808425555,2454.14994052311,2591.75470041447,2516.32830797433,2499.88366118532,2528.97498449734,2557.526154497,2550.97001161031,2563.44038191515,2538.52516426794,2563.60566187557,2552.18344193937,2507.82757250226,2565.49309831248,2638.62704485341,2536.51561756199,2504.063740293,2566.23849454489,2534.78603997725,2569.43618823647,2629.54821248834,2563.41422646109,2553.78946630641
,105,2483.52633134701,2540.29196121609,2455.59428962265,2593.92010093858,2518.96604971219,2499.81203718278,2530.09363207442,2555.24843266318,2554.98777950115,2561.17425040093,2541.49520757602,2565.49637900413,2545.97138415669,2508.4671909185,2562.61702185733,2636.69992095843,2534.39151309993,2500.56169422797,2563.34316735342,2534.71598860497,2569.31664026497,2627.35102731062,2559.64297662478,2550.75203437733
,106,2485.97219756128,2535.85918150598,2452.06133560199,2592.06842983263,2514.55524049135,2496.96842525165,2530.47864625955,2560.06372148446,2551.13314852308,2561.99495683155,2541.57694470933,2558.95566905213,2542.96894589839,2508.0961611401,2569.38286384783,2641.13016425649,2536.9155803957,2498.26299966896,2563.40424756052,2537.14901363673,2568.28632156543,2624.11742084544,2560.6925363738,2552.6653904196
,107,2480.95824428692,2536.72362193915,2452.26831310799,2592.01586100556,2517.41082600136,2501.03194224155,2529.62298163761,2557.14043412359,2550.4263729327,2562.19040697435,2540.11515820286,2563.85638538782,2549.57091855994,2505.49088272117,2570.86910021337,2638.21638543678,2538.55081249718,2499.23614572755,2560.8883638726,2536.68563345412,2566.36637760408,2626.78612172029,2564.48647193022,2550.98743758355
,108,2484.87150986916,2539.14321422433,2451.49181635748,2593.50050244,2514.16432621513,2497.51160836821,2527.578473701,2557.07426696717,2547.50949030409,2557.18123944189,2543.02785887747,2562.30293704684,2552.03525279748,2509.08800791493,2565.50436269168,2639.12842015137,2535.5160727224,2502.34351182517,2560.61613741404,2538.77999449992,2572.02550777487,2625.05566216073,2564.42365621354,2556.94241569134
,109,2480.86040016591,2535.35157771212,2451.7063435448,2589.12900544511,2514.31068689503,2496.86950850679,2528.46647536881,2556.74788501886,2550.37484772685,2559.89431752702,2542.04033531805,2564.25804424545,2546.98181973648,2505.85411860153,2565.69683040097,2634.44141891375,2538.12571370886,2501.87188250357,2556.73778329805,2534.92629836845,2559.82542986907,2630.53322006395,2559.19613278767,2550.05292152318
,110,2483.67250468421,2539.19140492593,2453.56973283052,2594.53137306403,2516.73151955503,2496.75172687926,2525.84891004284,2554.37554755134,2550.70431229431,2559.77857238466,2538.99403359711,2563.43567660866,2547.18740041691,2504.67973852832,2566.14720131098,2638.90546629265,2533.09884240928,2501.33860393671,2563.3497316339,2535.05605615688,2565.05329191562,2629.88166650845,2564.29471457819,2554.39412350503
,111,2482.6990193001,2539.08375336311,2454.48427398805,2589.0389436669,2509.89496030387,2496.21866116435,2522.4433853372,2554.6213630243,2552.40933893929,2556.59518451923,2540.68774721901,2556.27947356057,2545.8971624104,2509.16191470138,2567.23733759361,2636.74705799102,2536.61760128444,2495.89851594296,2559.61783711833,2533.28290852763,2565.94029655157,2624.04283120213,2562.19834261416,2549.23565024889
,112,2486.7453296896,2536.63732697335,2453.89387230551,2594.80467752227,2514.79314917365,2497.02961042564,2528.69706535258,2557.723391521,2552.00857224443,2561.88075801337,2542.59106579462,2559.99094863564,2546.24025501366,2506.24341402145,2570.36879333638,2639.06819999946,2538.63532293713,2496.82016998386,2557.168108025,2533.21739428642,2568.0081708512,2625.88457190169,2564.14325459219,2554.60538581168
,113,2482.30795810224,2538.19579003189,2457.17885356957,2590.85296369959,2514.99410392173,2498.89054115552,2527.99146525649,2560.51426609768,2548.85019364712,2562.81429451938,2538.04901257501,2565.85523518143,2551.94336495696,2505.85375518173,2565.85117306405,2640.22681880287,2535.98587339391,2499.83237250084,2562.27799387239,2528.26019837006,2571.62758697127,2630.38449941263,2565.01970255594,2548.15070977869
,114,2478.88985214931,2541.31988808567,2454.32308772821,2593.07438829269,2514.21977656398,2499.22084422486,2527.52208189776,2559.37411296335,2551.32086806487,2558.42830634887,2542.09040298011,2561.66199208353,2552.1507575196,2507.0858223991,2564.50506661679,2636.61770166886,2542.05307865432,2499.79709473258,2558.06126901297,2535.06789636877,2566.65902237833,2624.73851528944,2563.62762681072,2550.51249961088
,115,2486.15018341758,2535.67904106797,2454.60195828569,2590.92342644014,2513.47650313202,2499.21182037712,2526.16470960832,2558.01869078548,2548.05266526274,2559.85028035285,2539.15556455851,2560.81060555265,2548.55801531206,2507.52990241953,2570.99648613724,2641.07441496823,2536.12924846523,2497.55099610171,2558.21911895574,2538.74086174256,2564.69816578489,2624.21302598575,2561.90400081281,2552.67352454079
,116,2481.94297456386,2537.89030148765,2452.75111893709,2590.94187678891,2514.64130353449,2497.55107352801,2528.9960676122,2555.06353537685,2549.88147816523,2563.74524132589,2541.66121160397,2559.85605577959,2550.20721801782,2505.37903974895,2563.44075473918,2635.89157310332,2533.75270144094,2502.19591861415,2562.34437009361,2530.6596317204,2565.16890873718,2625.32097676223,2561.73171833112,2552.24464501202
,117,2480.63826039075,2537.22059464571,2452.14156096439,2590.67895901715,2513.1554374505,2496.53860142603,2529.08532656174,2560.9116362291,2549.49318348321,2561.63042724054,2540.14503657082,2560.89192170887,2544.47490260249,2503.39087801441,2566.82372344272,2639.79095159792,2534.36301439579,2496.8160827084,2557.2456511274,2537.62790410965,2566.81428032626,2625.96180501064,2559.26035078298,2549.02161479448
,118,2481.91401068527,2533.89484032351,2455.17921583287,2594.22166985881,2515.01543115555,2498.89975828161,2523.00210748456,2557.75550351754,2552.64404290278,2561.82211863605,2541.74471979183,2559.69292437298,2548.07525960713,2505.655821509,2571.97015403031,2639.10032718834,2536.94886133742,2498.26815537709,2560.35011709999,2529.8005259464,2569.55571785983,2627.99812446643,2556.84973029382,2549.72419644728
,119,2478.49106807752,2539.16908993802,2450.84346405589,2589.40843692531,2515.06494628563,2496.1797038188,2526.76677045656,2559.75667690207,2552.47042892091,2562.97627043428,2538.62938401669,2565.21209858029,2546.19817009346,2507.78692858984,2569.34893280854,2636.70334897607,2537.41633367296,2499.08091628007,2558.42385681645,2529.22466837553,2564.56168576444,2624.66883922435,2560.45627974082,2552.63614737879
,120,2482.30969072942,2535.07201593169,2448.0929694943,2590.85660568422,2515.04598562347,2500.04133024609,2528.49819246579,2559.81590715667,2549.91777515106,2559.46003158441,2541.06105633835,2559.68945055346,2551.96202067321,2503.90258657532,2568.89688763325,2635.40688657369,2537.99838655424,2500.04091269074,2560.164139728,2538.36061426805,2566.8915454762,2630.72448737361,2563.58550855312,2550.93782617327
,121,2483.41757602875,2533.92219279795,2453.95770767358,2592.18172704065,2514.58069354247,2496.37629948806,2528.69784034094,2557.26738866686,2548.53107854293,2558.30055288456,2541.14276155072,2557.03068454949,2551.51644767533,2504.41001527945,2564.42789243577,2637.96472596189,2538.31589665652,2500.99850081913,2558.46673613423,2538.39646451988,2562.87827735812,2626.00176981964,2564.71392967996,2547.5024285276
