,Cycle,B1,B2,B3,B4,C1,C2,C3,C4,D1,D2,D3,D4,E1,E2,E3,E4,F1,F2,F3,F4,G1,G2,G3,G4
,1,4122.88235877917,4015.28594235341,4013.56666487471,4829.03631397416,4331.46224330109,4450.23841106718,4253.70803743579,4172.7929503674,4212.98252620224,4390.59016551533,4314.12757730418,4274.59511305832,4304.83475893285,4670.18113819967,4384.12048266038,4475.01935328771,4618.28629473891,4591.77955372968,4591.35823922128,4268.7951322014,4457.80383216584,4488.35867027093,4487.46039195845,4373.66185288591
,2,4116.88210897565,4007.97397847148,4003.3588355668,4835.94585212349,4318.04058407122,4475.74600375964,4250.18587441447,4157.66537951259,4214.80621544028,4387.08032914658,4311.01315516791,4273.90106187374,4298.83342628132,4661.57005116704,4382.54986003956,4475.52092082263,4672.43237441661,4565.92656043011,4556.00032994385,4268.75438121523,4458.09098306939,4487.34461373391,4590.64680328487,4390.80199859112
,3,4114.44700622791,4009.04952253263,4003.61607720717,4857.67093656112,4306.98947181738,4478.9719940966,4248.91827213341,4140.79592959569,4211.53480239512,4395.64492565201,4311.27448147127,4282.55275083891,4304.61344515017,4654.59311304565,4382.62842804741,4472.40616956056,4703.76354617601,4541.70144697683,4525.86113021598,4266.22075303011,4456.23405521127,4492.83047024753,4650.83156433733,4427.16689589255
,4,4115.5782596246,4007.31749448822,4001.8069837153,4881.76075905545,4303.9150413953,4457.61287380758,4257.83325030107,4134.56315720482,4208.93796111293,4417.12586017903,4311.20532693543,4296.56597881436,4302.6050273063,4647.7362915772,4382.70292452608,4471.36304208412,4670.38988304355,4529.86145736898,4507.46190648542,4261.4225939504,4457.27783242443,4495.08989906324,4613.57419451306,4532.87452728323
,5,4118.54741502992,4012.57951727093,3997.95460725094,4880.39249251019,4300.56098272655,4440.09242431596,4257.93895461887,4130.69129014653,4210.90549261906,4425.43055318462,4314.1411415161,4351.43979435532,4302.81884116725,4644.9828298545,4383.20717226985,4470.73616833972,4640.35654341488,4521.19984479044,4503.50989847685,4263.62355592324,4458.35769896948,4489.61436576956,4560.52710768099,4611.06833301336
,6,4118.51676369445,4008.34648738419,3998.27934474097,4865.67975313458,4300.62666917834,4434.29413716462,4260.36123694628,4127.27959475048,4212.99523546333,4414.2415764743,4310.3489782011,4359.22702749493,4304.57364483583,4641.00228433929,4382.91445187188,4471.2813316174,4613.9042158817,4519.16112788637,4492.08493968698,4262.19957250665,4455.05722553771,4489.19507198074,4516.90893582985,4577.68717920863
,7,4115.67808814212,4011.98215914295,3998.538994157,4857.38446516248,4297.88105828952,4432.21448300733,4258.18786281112,4124.42755733142,4212.0116785807,4403.7552922882,4309.91841042214,4338.23265838498,4306.72510937964,4638.93129434099,4384.63927190634,4477.28535943361,4597.39747799841,4519.95131238579,4481.65776573443,4263.84837630458,4458.17897092117,4486.64130874314,4487.23366002844,4538.69746678735
,8,4115.29805238448,4012.64583952408,4002.31908938615,4849.54647563636,4295.36101323693,4429.42683631417,4265.94127076837,4122.31999985672,4211.98381786309,4398.32242057758,4310.20161742763,4324.48268691648,4309.54312041968,4635.98564715703,4379.88262825873,4472.74742801082,4589.82326876505,4513.90089564894,4476.68845521768,4261.02249150031,4459.43360383742,4486.56398049167,4460.89175500961,4496.45530293908
,9,4118.90918772195,4008.74202000624,3997.69645775677,4846.49993623444,4296.00198516487,4428.05103082261,4266.44566153625,4122.02872242645,4208.66465746705,4388.95127419392,4310.05946435137,4305.8840314429,4313.12837651985,4636.09947345501,4386.65037262112,4473.75045099982,4578.36353734264,4512.60355302386,4476.16484962801,4265.40804171814,4456.211969956,4487.42777838881,4444.73562633003,4459.72274761109
,10,4117.26025225697,4004.38692746559,3998.63103352334,4839.80595513693,4292.23536283965,4424.72949465486,4272.4785346104,4122.06652403298,4212.95347604671,4385.55066412254,4307.1624124336,4296.64164890685,4320.83197954528,4635.48496634971,4385.10971186276,4474.73236010017,4575.39504027272,4508.52692091715,4475.82883746828,4259.29181612616,4455.2102146022,4489.22663934449,4432.62809889721,4438.19680667087
,11,4117.02535346765,4009.6270462536,3996.81194234562,4839.12124436029,4296.77968577774,4419.98782780219,4295.62497011207,4115.77576582926,4216.22633599435,4382.10482678667,4305.82091881252,4286.29840204704,4324.03313025183,4635.12427904972,4388.39007701743,4471.2105658692,4570.13712001323,4512.94959186143,4471.46905615828,4256.48247678972,4458.32463289724,4486.84128905518,4424.85011521745,4418.4952499153
,12,4114.79637109542,4005.56275693301,3996.4228661843,4835.98876084045,4295.43633227051,4422.88971212608,4319.2906276567,4121.9106128556,4206.25795039976,4379.02654476814,4308.79491199124,4285.17201591813,4334.67495200798,4635.35195097933,4384.42896028014,4473.35299504217,4572.65635198129,4507.91339130428,4471.52003903877,4261.67073076527,4455.4247880235,4491.4691626918,4419.79808245076,4400.6674865025
,13,4122.59937992276,4006.43881139608,4001.137874154,4838.40188529493,4293.74970870388,4421.57788926022,4317.94001733409,4120.39269891125,4213.13534201161,4377.66109482168,4313.71517556277,4277.1027322587,4364.90059072665,4634.93717311052,4387.72845114778,4473.9650663164,4565.61242583895,4509.24407950661,4472.17719519598,4262.04066662757,4454.51250275339,4486.33137911684,4412.63448455224,4393.57058579004
,14,4120.70106676797,4014.31756158488,4001.69695229738,4840.10869662673,4298.22342340375,4421.92344002985,4305.27799920692,4123.90021234396,4216.88011791391,4381.46703632782,4311.08684749242,4272.03979490437,4373.50863059388,4636.15433686279,4389.76864643379,4474.76249016475,4571.8172247325,4510.10851910398,4472.40223033096,4264.54085784231,4457.34637559327,4493.08095296934,4409.82085538696,4388.15825959443
,15,4124.74331774922,4005.22241010842,3998.36989108072,4840.95804422637,4293.13197072686,4424.13182414023,4295.67458201424,4119.31431154948,4218.0605762346,4382.19221626345,4313.05015600891,4276.36205428264,4359.59977915911,4640.43977475977,4380.79665571306,4478.16869490711,4572.14879353834,4512.19310693131,4470.451743308,4260.30324106367,4458.63705052783,4491.15895077512,4412.38687501879,4375.2009970782
,16,4124.51723313884,4009.01242954277,4003.09329573814,4836.16747624705,4299.19580039346,4424.54665628446,4287.38032970398,4121.31542197805,4213.45773511293,4383.09381108193,4311.30525182399,4271.12775800104,4338.24285908824,4635.47325419951,4386.1494859314,4477.15462626147,4572.15465750035,4512.40013271631,4471.76284922789,4257.71937031103,4454.12017221153,4488.14241972202,4409.08623293318,4372.38499567381
,17,4123.46948150779,4010.45715068759,4000.49904069432,4839.28455446898,4299.24329177767,4427.10629370213,4279.60526334756,4123.98626252485,4212.21228812461,4381.02119111643,4311.92152063802,4275.13075835603,4328.53367061942,4633.13673083505,4385.68028183241,4475.0384098485,4569.90979232465,4512.08344060229,4470.67314456007,4262.79202000627,4458.39484245477,4490.81255113549,4408.38780684114,4370.50878155243
,18,4124.7889804655,4009.42383731065,3998.4589704238,4839.49070689172,4296.83365115659,4422.12938205502,4271.92312395943,4123.59785989093,4213.18009880806,4379.65850201011,4308.37942594819,4275.10426077816,4318.66785595536,4635.18413610111,4385.60717523037,4478.15181489841,4566.19421632365,4505.80874337413,4467.83445654214,4262.45669779363,4455.01433853143,4492.14043083091,4403.46355552857,4368.74647379206
,19,4119.40844794089,4006.91853960149,3997.05057645968,4841.47970267215,4295.83985422268,4423.21583276864,4273.1472611888,4115.34741758689,4215.97241571817,4372.89882798154,4312.9089204109,4270.65384709505,4311.36090994792,4634.36979852666,4388.37263278047,4481.6506927107,4565.82829088277,4508.73525222103,4469.17874106266,4259.8577056894,4453.98074859857,4495.81420583582,4401.22007699434,4371.13814025083
,20,4119.7053438691,4011.8177181727,3998.6058904475,4836.70354174532,4299.9833469765,4419.37916251881,4270.62122190828,4117.28140725033,4216.75456614391,4377.48531515775,4315.01813510472,4268.99189111501,4307.66321106119,4638.48601286243,4389.48480686136,4480.21733602106,4564.62801946488,4511.29875743752,4468.45196417869,4262.48990906861,4461.76997004681,4497.59245467391,4406.59001230804,4367.16231553039
,21,4117.45209854564,4008.68028407638,4002.66858930875,4842.56876478591,4301.26768320033,4422.91167829509,4269.30066415635,4120.71506875942,4213.43402113035,4377.58172311603,4312.28383049273,4270.89180158349,4305.17785590178,4638.13357148691,4381.29017168332,4488.78377817825,4567.00194691466,4511.06175431774,4471.10325888566,4262.11757295928,4454.53772900548,4499.01413878783,4403.77128794385,4363.88025931459
,22,4117.08779445094,4008.47620872191,4001.0986838719,4846.70295450606,4304.38078241779,4422.1245330497,4270.67214759777,4123.98376510492,4219.44824370416,4378.52646831445,4312.96211456976,4268.07646768681,4306.57343818727,4640.43045440469,4384.51783585032,4503.97387151789,4569.37802668738,4515.8843480098,4474.42564392307,4262.34989549595,4460.82320912479,4508.60349918807,4404.86469733282,4366.72453791497
,23,4120.88870406983,4008.25316459306,4002.67836350914,4851.5249237071,4303.57909473841,4422.37253856454,4267.44293575712,4124.81295731574,4214.57318717607,4382.11572149454,4318.90599919607,4274.23053333517,4303.08856673933,4638.0673593595,4390.38899899623,4527.25047128007,4570.37143863562,4509.65166372027,4475.11636555726,4258.66154666135,4459.07464511651,4521.91166240669,4404.64289090017,4361.05011297353
,24,4123.63454918927,4012.19581951337,3998.54471321599,4850.96913464056,4297.85192956332,4426.50608751151,4270.23269415157,4123.95408342452,4214.34586260689,4377.43721724641,4312.41809630414,4270.98186504539,4304.31899739612,4636.37323394464,4388.08813467657,4617.34390330831,4567.20677084059,4514.47784067839,4466.71025650969,4264.55289031434,4458.75036584189,4536.3735108537,4403.80060291952,4359.83351789839
,25,4124.63224980766,4009.45509923545,4003.53363437781,4847.39526989581,4303.60419075562,4426.12592364875,4270.91328764396,4126.08055797495,4215.67154954391,4381.99853194283,4316.83623642901,4276.97465246813,4302.39018677171,4637.99387944752,4388.01129099431,4686.6346555058,4565.92536876829,4511.75029413143,4470.18364765516,4263.10709778507,4462.72778145738,4560.91567107328,4404.94327469568,4364.85417686694
,26,4120.8061717457,4014.46002855402,4000.59686923436,4852.45882454446,4306.74784396955,4424.55541549267,4264.38300003344,4125.40155412227,4217.807107862,4380.31129824235,4314.37683813537,4270.30235223671,4303.51603467605,4638.60029352421,4387.94889318937,4652.74574564742,4566.06960397469,4511.88387219489,4470.39589818753,4262.25092144879,4459.80812411469,4645.87934578814,4404.18374348823,4363.26253436215
,27,4123.43614716388,4015.49993508053,4005.57732000531,4851.47534197825,4303.45426137143,4423.81973448818,4270.50990613142,4124.20553348923,4220.19622914253,4379.88802479619,4318.4937463089,4269.70172130703,4301.03924713452,4641.26850061666,4391.91432838376,4609.00858267572,4570.29249714339,4509.13232169766,4469.87080871498,4265.59177626285,4465.37853224278,4716.74418461881,4410.10139729818,4356.56086238224
,28,4123.99908512042,4013.19194316036,4003.10960751103,4853.99046294142,4306.65423309375,4425.77236518661,4269.1835063463,4125.52630042754,4217.71898096278,4381.45907203202,4313.87214758418,4268.59245126868,4302.30477992928,4640.6553645622,4391.02277266237,4578.92085975939,4569.84886570927,4515.84969728681,4465.98001554461,4265.81157883317,4461.82620926924,4677.51108187146,4404.91784318264,4362.03323451817
,29,4127.07221601563,4007.78704911099,4002.62369558598,4857.09961420831,4305.78233331511,4425.67728378918,4264.76706297291,4125.72474039492,4219.32278460467,4384.31532930408,4312.876416039,4272.67160381416,4302.93412226889,4644.98029050235,4392.24339595905,4547.44162001728,4568.00285139605,4511.77789057106,4471.49522448409,4268.16398903567,4467.23277367397,4635.87439942179,4403.3271738759,4363.36011594249
,30,4124.8468652262,4015.98910396301,4004.59268645636,4852.85180414206,4303.21247853607,4429.25390102557,4268.2920103915,4125.11923609345,4217.2751583858,4383.02137958515,4314.5999079122,4273.72843018603,4303.23805533038,4639.55664562786,4393.34685081392,4531.73368187082,4570.01770087647,4511.75574796084,4470.68688923131,4271.28756733455,4465.68930251547,4591.61109855082,4401.46442509437,4362.38953599185
,31,4129.11672260725,4014.15018294541,4003.83690061608,4852.07390666476,4306.99690155256,4426.61417708999,4269.85077318936,4127.10969917451,4219.32457465088,4382.68392928719,4319.66987800928,4270.86267682429,4306.36296627607,4638.46021962997,4394.71346996125,4515.23947358941,4566.59291166417,4513.45028723894,4473.21097424718,4280.12626834658,4467.47989673777,4564.21833049624,4408.77988567245,4360.97037287982
,32,4129.49869259954,4015.72110755305,4006.41699963415,4856.5053389036,4304.35712891941,4426.61659458006,4271.62749093837,4122.41665780282,4219.07297510584,4380.93811160191,4313.08424650265,4270.79065750185,4304.30218098453,4641.32990693999,4395.77172531777,4510.3747111925,4569.285003685,4510.49293131753,4477.34034246598,4289.32974296899,4475.44942423941,4539.97350411463,4399.2853299814,4357.3380398267
,33,4124.76168953938,4010.63372822563,4002.59564011934,4854.07698103307,4307.58555000903,4422.52606213974,4268.7063281345,4122.71559605449,4214.05949033296,4379.86726428149,4316.7198847358,4269.58572926188,4298.59295672853,4639.66879285822,4398.76455801453,4500.02004052437,4567.63116581045,4509.67746050503,4467.57657160649,4303.30095949639,4480.25267723924,4529.09661598278,4405.53617359351,4360.8760771019
,34,4126.37406533684,4014.34936664088,4006.95772184878,4854.48881582254,4306.3681245484,4427.01975011765,4269.04315025302,4122.9835556323,4218.43416158692,4381.63004702082,4318.47661125701,4266.8514034965,4299.21192812705,4637.10559483515,4406.12132651934,4490.11780102278,4569.50336458373,4511.81010632547,4469.66258379741,4356.03262468232,4493.0062586251,4517.65801461612,4403.89899429954,4359.47971191205
,35,4119.54494190485,4014.69147722476,4002.24619312094,4859.16489431463,4304.86387352337,4426.9305346427,4271.00195092982,4128.59252681171,4222.07046231209,4381.97902814195,4319.00679757701,4265.65842959611,4302.7493258168,4640.03769545841,4416.07305000836,4488.68802023597,4569.66833550099,4510.32476732993,4472.12503840777,4489.00126109932,4501.89278681123,4509.66505199899,4403.19057898776,4360.94393173913
,36,4129.46175585136,4017.62790158155,4003.81209548148,4855.69806206796,4309.73553101001,4430.4104543433,4270.99831421756,4127.06986509535,4221.10987935669,4384.41820161064,4318.56126792069,4271.46798771937,4302.23836937181,4644.3164694577,4434.81540143779,4489.71272002836,4569.56538764602,4515.02903622317,4472.22299751449,4497.90475007856,4521.45193609446,4505.05673279367,4407.80557573308,4362.50895698326
,37,4130.84663208446,4020.10791242866,4004.07354279082,4860.86578898305,4304.52052551499,4428.82567817746,4272.66561534172,4126.43450908013,4218.73123386138,4383.27194678213,4320.40661675056,4271.99366208359,4307.26168192558,4646.90206211048,4474.79951078754,4487.61723655155,4572.67217706236,4510.46297288709,4476.92401825056,4448.44579948403,4582.28279767311,4507.26122086393,4408.82545395054,4360.95228521771
,38,4132.10680282737,4014.51178879782,4000.16758420932,4857.45994831113,4309.83789075455,4429.55748667966,4271.09364824547,4124.26504847929,4219.20668199257,4380.81118276243,4313.90284030473,4273.2104362897,4306.10703548233,4641.18193225148,4557.49423159549,4486.14460061643,4569.77394758013,4515.96700236842,4472.80121776485,4406.16050948388,4639.60452915355,4503.66309292803,4409.46050005762,4360.4427241069
,39,4133.23196914797,4019.98096470067,4004.29658175168,4862.82326381776,4307.28584643576,4428.64822869107,4270.10226024697,4129.62964440562,4217.12384830501,4383.17101668226,4321.90968476467,4275.60055389512,4306.82763448628,4644.2333679178,4547.89560504648,4489.66583124914,4571.67645278432,4516.14518135597,4479.25289388087,4369.36614837978,4614.57548975955,4502.3207779486,4410.99949131719,4364.08935137062
,40,4129.3725349074,4029.76926219543,4001.1737663146,4862.81602084827,4305.97419668518,4432.57964611253,4270.63842521622,4133.40216748281,4216.92754973728,4382.88739105078,4321.28095589221,4273.78019735371,4304.72308819139,4643.29127608096,4508.26832944416,4483.68866710889,4575.57132503806,4516.78865574145,4483.49553847706,4338.61756458561,4570.79828115174,4499.1694529843,4409.5322461283,4367.90164760326
,41,4129.79944231957,4022.79475939634,4007.45998079841,4864.31177515022,4307.9171243741,4428.74961182808,4275.22181494147,4125.24393817973,4216.79364354547,4382.52084225649,4324.22447455762,4274.12850097471,4303.26633298001,4646.74221977012,4473.53244472176,4482.58208434747,4570.94109118134,4517.24819874132,4487.9789500344,4324.30801577147,4546.78018650481,4500.27799062394,4409.29112948681,4364.11873185313
,42,4133.70656015847,4035.15964675405,4009.2722123074,4864.29379792115,4308.94284069535,4430.41095201496,4273.62139070534,4129.89842607242,4218.83295989162,4382.10594506388,4320.11929974381,4275.06815055995,4304.0035811796,4645.06179307636,4449.49219779494,4484.84898376299,4572.65152578872,4519.23055872685,4501.91503522917,4303.75896520792,4519.6054016207,4502.20674251198,4418.16459199748,4377.40849957087
,43,4127.58848708044,4055.96494080409,4004.46980763804,4866.9998572179,4309.74800638426,4430.41559782144,4269.27760113126,4130.87309544224,4221.25482131358,4379.13195318708,4318.10251968908,4272.29173125288,4301.9953313931,4641.45837361792,4432.69000710581,4484.0057882837,4577.35943063965,4518.97204609252,4524.63127158036,4297.00324056212,4496.59549214649,4496.58232826694,4415.76017816448,4396.7451730604
,44,4131.61865127411,4119.27099682623,4005.87759100745,4871.27796752295,4309.1986246169,4431.84738584101,4272.62573815109,4128.05174478651,4222.77633152823,4381.05591961307,4321.22590103654,4277.85069216651,4305.33501003093,4647.02206106061,4425.20149813918,4481.69046561255,4572.9632726732,4518.29820218582,4581.65333824577,4286.52871090834,4487.56030496262,4499.73973236123,4428.62941302572,4440.97737374049
,45,4132.00802333305,4130.1650911884,4003.37501190824,4872.66246208659,4313.17595121782,4428.00047418115,4271.23335908291,4130.58154094615,4216.96928203114,4386.83284645558,4314.99244532514,4276.96455755123,4304.77518755499,4649.7101342851,4414.8683461509,4479.09638793919,4575.16798247944,4523.10236635695,4699.04993711018,4286.48471257469,4484.74736938925,4497.48150938782,4443.12387847054,4563.74984361552
,46,4135.1307383832,4105.97028081486,4009.02851327804,4872.63170178991,4307.80059748226,4432.57886808296,4275.23568733025,4130.1487475212,4220.11210182575,4383.1787239631,4323.45273410668,4276.16517087279,4303.53002558486,4648.04267293433,4408.90139970365,4480.13993699309,4582.40029511577,4528.50047028874,4682.99248870739,4280.76910985574,4475.96157303739,4496.36664350777,4469.41688736663,4624.10870723409
,47,4135.04326105597,4085.08753005026,4005.57869357518,4874.3357595184,4312.84801370612,4431.93944138921,4272.29679816519,4127.51163800912,4220.93181246879,4386.41988968159,4324.85714774408,4272.99035956038,4307.19124633715,4653.71459630826,4404.71772502259,4483.27013079347,4575.04460196792,4529.37772455329,4643.43458298472,4277.35319836761,4475.36669010919,4499.06921741113,4556.05066761736,4591.56753670846
,48,4131.30535230366,4068.2205384704,4003.56819293342,4876.48196192689,4313.43175216475,4435.83679128819,4273.72567165752,4127.62390857701,4222.29984794104,4388.36306586539,4318.01488344494,4278.67952112351,4306.29234547499,4650.33063132932,4402.99858138497,4485.5772205822,4573.84751211699,4542.06572744141,4594.33752804416,4275.90445833188,4471.13093679939,4497.17333392606,4660.38862582058,4546.30678689433
,49,4135.5675404393,4059.93701274337,4010.065781383,4877.85130063058,4317.73965957376,4438.59862443412,4279.90158428392,4134.20353975113,4221.06037398094,4382.1909499855,4323.58377286997,4278.63376416415,4304.1536144564,4653.94991213926,4401.21464865607,4483.00192359568,4574.75307530059,4558.2410028407,4570.14088355579,4271.20233609187,4466.42689996384,4494.70243570655,4643.4511754328,4501.45459229964
,50,4135.23091811552,4054.89406756814,4006.42636653168,4886.81188515829,4314.52172884182,4433.71673355991,4278.56952393158,4132.40795001083,4218.10331943773,4385.48629114908,4324.54946636867,4284.74348477124,4307.97863877387,4653.79055879616,4400.25040211945,4485.01347703257,4574.51166648987,4582.60918163757,4542.21067569494,4274.26973652318,4468.02331620183,4493.9357476178,4596.01038414479,4468.7239137622
,51,4139.0806597874,4044.75422736523,4011.95512831925,4884.62534412903,4315.53966329038,4434.66800573143,4274.64584831498,4130.27629380132,4222.91760580207,4388.75972530379,4323.8909850983,4281.30538504128,4307.52123949857,4661.45137836475,4403.82759122642,4482.14873251222,4574.0883977454,4657.52245351356,4519.51673335226,4268.99303943761,4466.39765983267,4499.16916917352,4547.48270829903,4445.98206079628
,52,4133.79858684526,4037.49375011534,4010.08942683802,4889.55325491497,4314.84580715961,4435.89602910246,4274.53008775721,4137.27047514884,4221.22771987453,4386.83801799243,4325.81337949961,4285.08598348934,4306.58532420552,4666.15640431663,4395.11363922418,4479.20476743098,4579.6449525274,4721.23560385385,4510.34544911009,4274.05014264804,4464.66856570585,4505.70798514288,4511.25412492901,4426.66585888654
,53,4142.24505175961,4032.1187395773,4005.85564879206,4896.8320570407,4316.32274631101,4436.28426153152,4276.05467643071,4129.20231297227,4224.94425975115,4387.65174994755,4325.79914577217,4293.8772379178,4304.11007098229,4677.03213036291,4398.37758998716,4483.65126047737,4580.59560777584,4686.15529048821,4498.88975798083,4271.23208608166,4463.54187124171,4496.08347395568,4479.5451156244,4410.47801398357
,54,4137.29444560135,4032.2421512927,4010.76442439598,4911.1225584973,4316.67218899749,4435.07504505189,4273.59289828584,4130.27720940776,4223.57529946148,4384.26504064325,4328.19339912819,4301.91955977825,4305.01785779299,4685.0307075574,4399.59734996494,4480.8547777396,4583.39192362448,4643.5514913095,4498.15384462739,4266.03502824929,4462.94031336832,4500.59204479926,4460.28997810284,4399.42070991683
,55,4136.23200275705,4028.97233176411,4007.27575342321,4930.77797384441,4316.73380805383,4438.15923148513,4278.71931245896,4134.14339192858,4223.35446373361,4383.78378694431,4325.36869630151,4339.91724474304,4308.47741077975,4724.57527900481,4397.80633387248,4482.21778184853,4580.40939175639,4606.4534573743,4488.18480327213,4271.06912573035,4463.12130130028,4499.36703751911,4448.21003426752,4389.67137087209
,56,4139.16877312772,4027.41029941651,4006.92443455804,4940.41034699706,4316.37734925311,4438.17571291794,4276.02025744424,4130.16230027633,4224.17299453301,4386.53355540228,4328.3357007242,4446.95240333928,4309.9698011363,4801.68007066474,4397.05240878193,4481.2774018338,4578.2098364967,4579.23036910954,4489.46798572151,4269.39869722987,4468.76803723785,4505.62553382761,4438.1035259539,4390.25242770906
,57,4140.693033975,4030.92737089487,4008.75816971447,5003.23139114406,4324.24027755743,4440.33980576208,4281.50956472591,4135.36907208226,4225.50752470186,4391.53652898438,4332.19918597981,4429.97279768384,4310.33832024896,4795.24977734109,4395.48919567524,4482.36436519042,4579.73758806926,4560.75719217435,4486.38654023374,4276.62943374663,4463.23268779272,4499.46949160782,4427.74742129761,4381.91025465008
,58,4138.67874982866,4026.40730900336,4010.36080475527,5002.05744351656,4316.43505612666,4435.08408565395,4282.03386636349,4136.91019537748,4224.76717886825,4386.98335047436,4331.34618254078,4393.4021103149,4306.35869816895,4759.56169952822,4395.4762317862,4484.28627922466,4582.7135402725,4548.7814513392,4483.31900772697,4268.59460075439,4465.64456072407,4499.57504656524,4426.4728336695,4374.80776265908
,59,4139.14259192376,4028.53031947973,4007.34287001811,4972.76350528734,4317.60370955679,4439.41019246272,4284.79007040723,4133.5141488341,4227.27229137654,4392.96027788075,4336.18089210675,4362.69319490835,4309.50017429657,4721.84511570782,4397.39794536148,4484.82366923475,4584.25821196434,4538.91687672105,4484.29161232263,4271.78401212145,4463.34691282128,4497.08051226279,4416.68327180115,4374.4065610472
,60,4138.45226666318,4027.86074005022,4010.87320076254,4948.3427067372,4321.68486513349,4437.40631539209,4284.17524729985,4136.23284853696,4225.00387877715,4391.77587506132,4340.28958369851,4337.19743250938,4305.27133511785,4703.82743108218,4397.82887248159,4484.07126456616,4586.00189757868,4532.93734847318,4478.91029479782,4270.15840622654,4466.64949212328,4496.23091328476,4415.27463011821,4370.16006340578
,61,4139.64268854536,4030.23339042179,4012.06000319836,4939.84957616213,4315.83573500184,4440.23609856878,4291.63745341431,4134.71822451454,4222.70138095849,4389.35456494179,4343.79964389123,4323.56101549471,4308.6157753301,4686.35712659469,4397.97422237304,4482.36037634378,4592.66128131674,4529.73764727435,4481.76505777636,4268.26757973004,4465.20323506975,4502.36948421789,4415.71452341701,4367.80727512665
,62,4139.12598739993,4029.5052149485,4009.70513374145,4921.59366347286,4320.31869998115,4442.49050763045,4286.6301118571,4139.14909910875,4223.04481150706,4388.53320247,4352.5646658752,4314.18214125264,4309.47473175368,4678.69442521469,4399.02678079201,4485.75839539214,4593.81307795087,4525.95220024131,4482.11401504114,4269.28547248632,4461.8806548294,4502.07895032154,4411.40894628995,4371.26627548691
,63,4145.11947183618,4032.67841274275,4010.82659656346,4913.93271404371,4321.99937224192,4439.39438129878,4290.9965869925,4139.43359422323,4228.28980725155,4390.93082537274,4388.0467232517,4305.70468530161,4306.5419530266,4666.85465806824,4395.67538966064,4493.28920613359,4595.64528144875,4526.78803004884,4483.28272500011,4272.34325377645,4463.73519259968,4502.37999797547,4412.11102177668,4367.22194947836
,64,4142.45226301208,4027.12209890423,4011.90932800685,4914.71803969607,4322.11016717193,4438.49239432673,4297.95272217733,4145.13070545997,4226.27734820772,4388.64601303317,4429.70895285546,4297.05488825103,4307.6596050182,4666.98939857908,4397.86568101627,4490.57784465106,4603.24836839847,4523.91838893479,4480.85178900888,4274.35853872361,4463.30789254297,4502.54051121288,4415.77085449602,4370.46272970205
,65,4140.4387955782,4027.55908646266,4013.64389991413,4910.62976380974,4323.16200456838,4445.24148748979,4301.35816555581,4146.88167618056,4230.76792989479,4391.02397520833,4414.61146004306,4297.73719526217,4308.15080670348,4662.0384421084,4395.31575346324,4492.90974904533,4616.29152676814,4523.83417471027,4482.69711482452,4271.08213288166,4463.43360847711,4501.89124731569,4414.62101936051,4370.56977646472
,66,4141.59189683521,4025.22609123211,4012.94477204664,4908.97491510818,4320.70787892349,4444.29175191438,4315.85540806957,4150.23503637931,4225.06754489872,4393.75508832981,4393.71996119901,4290.60203554312,4311.42685439556,4658.48282560005,4397.5103016506,4497.71525195605,4624.9508792661,4522.82991295695,4478.61720905135,4275.39525811683,4460.49261513852,4505.56393059139,4407.956745435,4368.45298911108
,67,4140.4337942681,4019.6968380153,4013.53390400579,4905.02958281006,4321.98730004835,4440.54021713828,4363.20894960444,4159.34898741574,4225.66769712397,4389.35961051892,4377.80904513382,4289.76055556047,4305.52106040729,4661.68160518078,4395.92333144654,4509.89233292033,4646.6913358658,4521.5984913867,4480.96956666246,4273.15632538829,4463.2416600715,4506.55204804391,4412.83271920541,4368.76513088847
,68,4142.37860422414,4026.80713613318,4007.52794302955,4907.07288472668,4321.29109185879,4442.18612203998,4416.52058389407,4175.65025174503,4229.20234945486,4386.19129631076,4359.56984814919,4287.44745367989,4306.10366459311,4659.05804023512,4400.99816282235,4529.74680421784,4712.17322354325,4526.13745537557,4480.10608988448,4271.57436878784,4465.49509323488,4509.1459985696,4411.76812596259,4364.90999332423
,69,4147.07938210906,4024.7888343331,4011.97015188663,4908.92403999638,4321.82482312297,4444.23092875177,4396.9973579834,4243.23826509477,4233.31556883623,4391.85248691966,4347.00363467904,4288.04190623934,4309.25090198412,4656.64285851858,4400.9681186284,4597.059626927,4722.866991491,4521.95142206974,4480.08509681454,4267.87627733341,4463.20235863177,4511.18937069674,4410.82680622537,4369.99888077135
,70,4142.40073118056,4025.74247850738,4014.75954414117,4908.14577406021,4321.25574763677,4445.69936906727,4369.69566948706,4234.02466699613,4232.15413197674,4394.54925845049,4340.73821327056,4290.52012171719,4311.57465535053,4652.13841174827,4401.57210117915,4701.16981135883,4690.87206167814,4523.09440801417,4478.3964007914,4270.26604322565,4461.56403200766,4513.6526104333,4412.4354192294,4369.96000602959
,71,4144.67766544626,4030.14077000229,4012.6203835086,4910.16118311471,4325.65207994932,4445.23651499491,4345.37535098793,4210.26311497915,4225.53200170815,4391.31058245569,4339.44019599509,4287.00801167163,4310.71931192596,4652.99937980009,4401.41275295692,4683.9228414016,4663.47208204851,4522.3028827579,4480.89307416751,4274.0333194883,4468.37898154561,4527.30773153407,4415.3440675471,4365.92347858684
,72,4148.6652951016,4028.56847665739,4013.14193316294,4906.06532048778,4325.07308887443,4445.1605916629,4330.25462926343,4189.63610504764,4224.28514916954,4390.94921833746,4335.19373026606,4288.76602245291,4312.40033175238,4652.69797446735,4397.30087126194,4634.200695021,4635.12681652938,4521.32396100577,4481.46034345515,4276.27662972457,4463.52624039843,4545.32120911227,4407.84822964119,4365.83337428755
,73,4144.12675221071,4028.30376818294,4011.96972223996,4909.18527836674,4323.03925561985,4442.36545295838,4322.15883212751,4173.08302720407,4230.34685628355,4392.05167555161,4339.33073388145,4285.95191811293,4311.57195999019,4659.35218015176,4401.57129284265,4601.05441576672,4624.48941534495,4522.42790845412,4478.01399399792,4273.86171601496,4470.07927412516,4561.83110107452,4411.08816984545,4365.23831167538
,74,4145.92162257104,4023.56021795731,4015.22277613871,4908.57749012894,4325.89679232148,4451.0993406653,4318.50413517782,4162.12344057545,4229.13371411378,4392.21375284018,4333.67976057852,4286.50563711425,4312.21431255518,4657.4984030881,4398.6056829654,4574.27201996246,4612.3550851049,4524.32309485037,4477.42752857743,4273.31640504961,4470.16774374955,4633.13647287168,4408.38782888252,4366.5464720867
,75,4148.65825292231,4028.39216839963,4015.46995222157,4908.79485119118,4326.94184478446,4444.68158698075,4307.10523891665,4161.0532255554,4232.57005448105,4395.76724722275,4330.74301285772,4282.96571442066,4312.40110881799,4656.80362703043,4397.94824428036,4552.62459659761,4605.51127272551,4522.67969491585,4480.7090965343,4272.08608560726,4467.77360877749,4726.8863512212,4406.94204537148,4370.06596148922
,76,4148.55434627859,4027.5252181844,4018.71460882755,4909.98672588379,4326.88071672353,4443.88468808048,4304.38342566602,4157.34200015133,4226.54982114868,4393.98139756982,4338.45974733777,4285.52094288755,4313.32487874774,4656.8803109896,4400.59935846146,4535.93239108385,4599.0200120574,4520.34971911404,4481.46148795179,4280.00018638337,4469.57738734369,4715.05843576648,4409.11250578939,4371.70739928376
,77,4145.10309635115,4026.064117898,4016.01772787126,4907.2333297884,4324.58810465707,4446.67181559187,4299.72135426751,4150.26677419954,4227.9121126565,4393.78379791589,4334.03709219338,4285.37510514836,4311.78958180854,4653.63349367871,4400.68011255485,4527.06452519964,4594.64194299002,4521.49443185465,4479.67505488432,4284.28087086814,4465.35771240726,4664.6066740732,4409.14210910868,4367.19979935133
,78,4143.84553002151,4027.85548169413,4015.76901380966,4915.59419843339,4324.8579218967,4447.22844515749,4301.52599588416,4141.71404340756,4233.66204200749,4392.07233288026,4327.65942714801,4286.15045245192,4311.87837345012,4655.65331285148,4398.97778516668,4514.35833063658,4599.3988784021,4517.32589629688,4475.94293427279,4298.45138364476,4469.94221600906,4618.06258428573,4409.78009459068,4366.34389335228
,79,4146.28249519025,4029.71843081374,4012.28158779251,4918.28980059457,4328.64074963399,4444.30242026118,4299.31325626115,4143.41030437483,4230.88940212011,4386.9944170242,4331.80865625367,4283.99270187201,4314.03793132335,4656.07105015105,4399.15447053989,4507.08027857323,4597.56719141182,4519.62800263868,4481.47954253336,4322.17012050985,4466.99382992417,4588.6766646507,4406.49074275489,4368.64179083575
,80,4150.67454938478,4030.5066172321,4013.03632028701,4914.74365119618,4326.84488656748,4442.0721049645,4293.2261930826,4147.65923208528,4225.5495090756,4389.34096042093,4329.95192166459,4286.03431337488,4308.99167958972,4653.74646020382,4398.9427958448,4505.60297208418,4591.08889143906,4522.44917106901,4480.09059095972,4394.08618005946,4466.84140977284,4561.07296630638,4411.90664109768,4365.12455062247
